{
    "isDollar": true,
    "count": 99.74616241455078,
    "rublesInDollar": 59.673194885253909
}
